{"cameraMode":{"drawMode":0,"name":"Shaded","section":"Shading Mode"},"sceneLighting":true,"audioPlay":false,"sceneViewState":{"m_AlwaysRefresh":false,"showFog":true,"showSkybox":true,"showFlares":true,"showImageEffects":true,"showParticleSystems":true,"showVisualEffectGraphs":true,"m_FxEnabled":false},"in2DMode":false,"pivot":{"x":0.7894449830055237,"y":-0.08225448429584503,"z":-1.79245924949646},"rotation":{"x":-0.2200005054473877,"y":-0.0033222429919987919,"z":0.0007399761816486716,"w":-0.9755236506462097},"size":3.1437158584594728,"orthographic":false}